id,post_id,user_id,content,created_at
1,3,17,Develop development the inside.,2026-03-10 11:28:05
2,3,17,End family surface like term on.,2026-02-22 19:00:32
3,3,6,Line create build quite.,2026-03-08 20:06:42
4,3,2,Including that character yeah garden.,2026-03-04 10:18:11
5,3,17,Century television Congress ball forward would finish.,2026-03-06 08:23:59
6,3,3,Later decide similar.,2026-02-09 12:35:14
7,3,6,Majority shake because pass.,2026-03-06 16:24:36
8,3,3,Idea whole himself also current health.,2026-03-09 11:03:47
9,3,20,Series most adult above safe difficult.,2026-02-07 09:23:51
10,3,3,Can himself open cold statement.,2026-02-23 10:11:35
11,3,8,Lay minute model its rather.,2026-02-21 04:25:38
12,3,13,You majority seek close trade speech.,2026-02-13 04:52:21
13,3,4,Difference world deep against mean.,2026-02-07 15:16:42
14,3,19,Represent society heart policy side perhaps.,2026-02-12 16:29:26
15,3,8,Product president after.,2026-03-07 12:58:06
16,3,19,Know buy education reduce day rate.,2026-02-12 07:54:05
17,3,20,Inside big minute performance red.,2026-02-07 03:50:14
18,4,14,Memory pay executive size.,2026-02-27 20:00:12
19,4,19,Participant sing story win group.,2026-03-01 17:58:25
20,4,19,Civil nature travel read lose.,2026-02-27 14:43:12
21,4,17,Actually become book.,2026-02-23 08:37:44
22,4,11,Chance bed memory rich big eight discuss.,2026-03-03 14:29:16
23,4,9,Less between company always fact.,2026-02-24 20:27:54
24,4,7,International break surface three act catch.,2026-03-09 02:58:59
25,4,11,Forget thus western environmental.,2026-03-05 09:02:24
26,4,8,Head garden box hundred.,2026-03-07 11:03:45
27,4,9,Structure ready long instead though.,2026-02-28 17:58:22
28,4,13,Car risk word such.,2026-02-21 17:10:31
29,5,10,Treat lot notice just particularly single.,2026-02-18 05:47:34
30,5,15,Television they road.,2026-03-02 13:31:03
31,5,11,Low maintain thought key.,2026-03-09 08:51:54
32,5,3,Pressure actually than modern season.,2026-02-17 06:16:17
33,5,1,Difference what their mind read peace item.,2026-03-05 07:00:15
34,5,15,Loss professional political chance step.,2026-03-05 08:40:51
35,5,20,Approach poor church support system thank avoid man.,2026-03-09 09:02:21
36,5,19,Wife anyone development poor idea dog.,2026-02-21 13:42:18
37,5,4,Soon large task language budget market.,2026-02-26 20:49:03
38,5,3,Bill include news.,2026-03-03 13:59:34
39,5,18,Social white point three.,2026-02-15 17:28:27
40,5,7,Pressure lay future stay staff.,2026-03-01 08:57:28
41,5,17,Forward should outside respond guy laugh best.,2026-03-08 05:13:34
42,5,9,Able great plant son natural.,2026-03-03 17:13:06
43,5,5,Animal clearly cell response.,2026-02-24 19:10:56
44,5,12,Blood particularly could us hotel lead.,2026-03-05 05:42:51
45,5,3,Response blue increase unit study.,2026-03-06 16:35:09
46,5,8,Sign late probably what.,2026-03-02 00:22:58
47,5,12,Above save network item one under sit.,2026-02-18 23:48:24
48,5,10,Reality community spring billion.,2026-03-09 19:35:40
49,6,10,Paper focus thing industry participant realize eat huge.,2026-03-07 17:42:50
50,6,20,Laugh card include record security.,2026-03-03 22:03:42
51,6,17,Team Republican very plan cut person fact.,2026-03-03 09:15:42
52,6,1,Wonder practice when mean.,2026-03-03 22:46:15
53,6,18,Report set no old wall report.,2026-03-08 04:25:47
54,6,10,Experience suggest space mission agent certainly prove.,2026-03-07 22:35:04
55,6,4,Seek claim expert economy style.,2026-03-02 04:25:21
56,6,5,Daughter must grow laugh pattern.,2026-03-08 03:20:50
57,6,9,Ten score night down six sometimes explain.,2026-03-07 22:57:29
58,6,4,Unit hold what.,2026-03-07 19:44:41
59,6,4,Whole approach season data than team.,2026-03-08 01:45:39
60,6,18,Treatment relate positive sense national.,2026-03-05 03:14:55
61,6,5,Simply who family concern radio.,2026-03-07 01:56:46
62,6,9,Same budget American evidence.,2026-03-02 00:39:28
63,6,10,Claim suffer accept letter.,2026-03-02 23:09:44
64,6,20,Child follow anything.,2026-03-01 15:17:14
65,6,7,Successful feeling so nearly authority remain moment whatever.,2026-03-07 08:20:53
66,6,11,Skill city myself idea.,2026-03-06 01:50:04
67,7,9,Third professional former family wear.,2026-03-03 02:49:54
68,7,17,Little no sell power boy generation drive.,2026-03-06 09:08:53
69,7,16,Truth during always those high someone box either.,2026-03-06 16:08:01
70,7,9,Agency might side method meet.,2026-03-07 15:56:02
71,7,2,Fast prepare fly.,2026-03-04 18:51:10
72,8,9,Cold what Mrs account.,2026-02-19 12:46:56
73,8,2,Prove similar ten interest billion.,2026-02-19 02:57:10
74,8,1,Position vote section child learn forward.,2026-03-02 14:04:38
75,8,11,Approach some newspaper offer.,2026-02-19 15:47:50
76,8,5,Imagine later identify first hope.,2026-02-23 01:25:33
77,8,9,Accept result as second animal summer group.,2026-02-20 09:43:51
78,8,6,Face rate paper example.,2026-03-01 17:44:11
79,8,15,House produce listen mouth carry hospital.,2026-02-28 03:46:39
80,8,18,Far plant fear thought whole term possible.,2026-03-08 21:22:52
81,8,14,Themselves center among of hour natural be.,2026-02-17 19:18:29
82,8,18,Deep town surface central contain pattern.,2026-02-22 15:10:38
83,8,1,Boy provide note approach seem.,2026-02-23 16:02:43
84,8,4,Popular available public economy culture oil week.,2026-03-02 20:32:30
85,8,3,Provide doctor expect attorney.,2026-02-26 04:51:39
86,8,5,Magazine foreign process really charge note.,2026-02-22 05:32:01
87,8,18,When collection finish size Republican political.,2026-03-09 03:19:55
88,9,19,Care run there leg grow figure.,2026-02-23 06:10:51
89,9,18,Compare parent success teach.,2026-03-01 22:22:31
90,9,5,Cultural safe phone road throughout support place.,2026-02-19 22:33:36
91,9,14,Often shoulder defense already end thus music president.,2026-03-08 06:24:06
92,9,5,Hotel through operation tax card may.,2026-02-20 03:35:17
93,9,2,Hair action draw who word range.,2026-02-18 17:45:17
94,9,10,Cell city not not the certainly rule.,2026-03-06 22:06:28
95,9,12,Despite maintain as.,2026-02-25 06:01:00
96,9,2,Amount deal traditional guess like.,2026-02-25 12:12:53
97,9,12,Always possible billion.,2026-02-27 13:51:08
98,9,7,Strong enjoy name community president.,2026-03-01 04:43:30
99,9,8,President structure might heavy trade might good test.,2026-02-25 09:48:14
100,9,4,Thought according think key discover method exactly.,2026-02-28 08:37:14
101,9,12,Church own stage produce.,2026-02-20 04:31:28
102,9,18,Result loss long decision claim street.,2026-02-26 14:31:59
103,10,20,Amount of claim picture always.,2026-02-13 21:29:49
104,10,5,Coach two might if.,2026-02-19 22:27:20
105,10,8,Water describe paper likely loss.,2026-02-13 17:02:22
106,11,14,Over some star consider process enough.,2026-02-23 00:20:37
107,12,14,Two others attention her car admit.,2026-03-10 04:48:39
108,12,8,Range step painting concern top outside there.,2026-03-05 07:26:35
109,12,9,Sell behavior process top much ability visit.,2026-03-05 12:31:19
110,12,6,Miss have analysis morning director sort.,2026-03-09 02:13:52
111,12,4,Open scientist seven recent best care.,2026-03-01 21:01:40
112,12,13,Travel base our myself election.,2026-03-04 04:53:47
113,12,2,Official brother according.,2026-02-20 18:07:40
114,12,16,Reach firm gun choice prepare.,2026-03-08 12:14:32
115,12,8,Talk interest hand every quite.,2026-02-26 18:41:36
116,12,7,Need newspaper condition next low write.,2026-02-25 13:36:06
117,12,15,Similar huge catch tell budget discover.,2026-03-06 15:26:52
118,12,12,Beyond meet skill song.,2026-03-09 14:19:12
119,12,10,Claim who accept.,2026-03-07 12:38:14
120,12,8,Likely outside because enjoy.,2026-02-22 20:00:16
121,12,8,Participant right us husband.,2026-03-01 14:58:07
122,13,13,Represent our watch star policy.,2026-03-10 01:04:22
123,13,11,Cut prevent sound.,2026-03-06 01:29:49
124,13,9,Almost outside middle discuss college.,2026-02-26 15:16:45
125,13,3,Dream a church you sister good.,2026-02-14 12:04:18
126,13,9,Only military say attention bed expect.,2026-03-03 22:25:57
127,13,12,White everybody paper create upon offer.,2026-03-01 15:37:04
128,13,17,Imagine blood authority family.,2026-02-25 10:16:11
129,13,13,What then spend offer reason whom none.,2026-02-18 10:22:58
130,13,18,Which learn leave only agree break.,2026-02-24 13:29:28
131,13,11,Plant yes quality discover firm western.,2026-02-16 00:45:50
132,13,1,Act strategy eat behavior purpose start away.,2026-03-09 19:49:42
133,13,4,Finish despite off consumer second us couple.,2026-02-21 10:00:30
134,13,9,Save their deal dark economic.,2026-02-22 10:41:09
135,14,2,Single build bad what.,2026-03-03 03:52:59
136,14,4,According tax when summer he firm together thing.,2026-03-09 19:04:38
137,14,20,Consumer share memory huge seek campaign moment.,2026-02-27 05:10:05
138,14,14,Vote allow girl team simply lead build.,2026-03-06 10:07:00
139,14,12,Ready activity decision ok foot party.,2026-03-08 05:06:07
140,14,11,Nature down likely party.,2026-02-26 11:39:15
141,14,14,Material decision red head.,2026-03-03 15:24:49
142,14,20,Late number without rather sport.,2026-03-05 07:48:19
143,14,17,New task cultural son school.,2026-02-26 23:35:40
144,14,4,Computer matter yet.,2026-03-08 20:09:03
145,14,13,Feel no nothing huge real art sport.,2026-03-01 04:55:48
146,14,19,Benefit seat employee growth newspaper special general in.,2026-03-09 00:17:23
147,14,7,Current office power company sister great pull maintain.,2026-03-02 22:07:52
148,14,9,High expert place certain.,2026-03-07 13:47:32
149,15,1,Instead partner if trade bad gas.,2026-02-22 13:57:45
150,15,17,President report painting house thought sit.,2026-02-26 02:57:33
151,15,18,Minute late cold take by doctor edge season.,2026-02-27 07:54:05
152,15,7,Decision however believe view.,2026-03-08 17:05:52
153,15,12,Approach side model you billion peace base.,2026-03-01 23:59:36
154,15,14,Director scene kitchen call money.,2026-02-27 23:26:40
155,15,3,Along ground trip.,2026-02-22 15:43:44
156,15,11,Window music evening know wide recently computer.,2026-03-02 01:43:22
157,15,20,Piece player nor model police finally girl.,2026-03-05 00:27:38
158,15,11,Source kind hand employee field.,2026-03-03 14:43:20
159,15,4,Spring summer gas light across two water.,2026-02-18 12:23:47
160,15,10,Across involve fall discuss account.,2026-03-02 02:15:16
161,15,17,In night house clear say.,2026-02-27 14:00:22
162,15,10,Determine bad personal might son party.,2026-02-27 23:22:22
163,15,14,Expect sea speak include table.,2026-03-07 08:34:59
164,15,11,Face PM pay evening.,2026-02-22 22:36:09
165,16,18,Could affect anyone movement control bill especially.,2026-03-07 14:30:38
166,16,5,Road do character management game find.,2026-03-09 20:21:43
167,17,13,Less social form such weight argue.,2026-03-04 13:07:23
168,17,6,Myself consider time economic.,2026-03-01 23:23:20
169,17,20,Business should eat.,2026-03-01 17:04:17
170,17,19,Scene almost leave side miss.,2026-03-03 04:49:48
171,17,10,Home which view city rock seat near.,2026-02-25 12:12:57
172,17,13,Loss federal growth appear project.,2026-02-23 09:56:21
173,17,18,Plan foot cold everybody build.,2026-02-23 04:34:20
174,17,1,Why ok real.,2026-02-26 08:23:47
175,17,10,Choice side eat matter rather full wide service.,2026-03-09 03:48:45
176,17,10,Green child movie blue.,2026-02-21 21:46:10
177,17,7,First next popular girl through.,2026-03-04 06:58:32
178,17,14,Again help right economy always.,2026-03-10 05:54:00
179,17,19,Next my majority note myself food.,2026-03-09 14:25:34
180,17,20,Test out team civil most.,2026-03-03 19:38:46
181,17,11,Standard must law simply media.,2026-03-03 08:34:18
182,17,15,Third people hair per.,2026-03-10 06:10:23
183,17,15,Probably much hold model.,2026-02-28 05:36:16
184,17,15,Child executive important focus benefit probably analysis.,2026-03-04 12:37:48
185,17,7,Them dark magazine better.,2026-02-23 14:23:08
186,17,17,Price moment red eight hand paper.,2026-03-06 07:25:31
187,18,6,Us decade man.,2026-02-13 06:29:24
188,18,3,Song art newspaper voice indeed hard remain.,2026-02-13 17:04:21
189,18,10,American audience fight war whether best rise.,2026-02-22 17:36:49
190,18,17,Country moment eat personal condition see.,2026-03-07 15:20:46
191,18,20,Short office purpose reflect.,2026-03-01 23:38:28
192,19,10,Coach Congress husband front.,2026-03-04 07:03:54
193,20,5,Your kitchen good firm yard foot he.,2026-02-21 02:03:17
194,21,16,Step food drive nation heart nearly.,2026-03-10 01:30:08
195,21,20,Growth laugh where a alone.,2026-03-09 19:47:29
196,21,3,Administration career three according worker Democrat fire sign.,2026-03-04 05:46:44
197,21,15,Try memory number occur behind.,2026-03-09 03:48:45
198,21,14,Choose enter threat economic eight feel.,2026-03-06 09:00:35
199,21,19,Notice design baby foot lot major.,2026-03-07 17:05:02
200,21,7,Standard believe politics also space high sister.,2026-03-09 03:46:35
201,21,13,Girl stage indicate test thank dinner.,2026-03-10 03:27:31
202,21,16,Up plant place approach modern floor north force.,2026-03-08 17:03:11
203,21,13,Check purpose young wife send.,2026-03-09 06:09:26
204,21,8,Bed it skill challenge from live seat.,2026-03-07 18:28:21
205,21,5,Energy huge its recently seven lose.,2026-03-07 10:34:42
206,21,1,House number night young modern drug entire.,2026-03-03 04:37:14
207,23,6,Range office both including half couple.,2026-03-07 21:40:41
208,24,17,Pretty show college glass start sort perhaps key.,2026-02-27 12:07:13
209,24,15,Rate choose rock beat science.,2026-02-22 02:45:17
210,24,2,Unit than star add really born late age.,2026-02-22 13:53:29
211,24,18,Deep national seek nature performance yeah reason.,2026-02-20 22:14:00
212,24,8,On professional analysis color exist smile.,2026-02-11 16:08:38
213,26,17,Let war at.,2026-02-25 18:57:19
214,26,18,Ten affect test power discuss herself.,2026-02-25 18:59:21
215,26,20,Machine others because current whom night.,2026-02-17 10:56:11
216,27,20,Easy morning four.,2026-02-13 17:06:11
217,27,17,Adult range green few.,2026-03-03 18:24:40
218,27,14,Speech personal these three spring.,2026-03-09 00:04:03
219,28,15,We difficult game hotel case role minute.,2026-02-18 14:43:21
220,28,6,Their rather individual of interview fine painting last.,2026-03-06 08:31:05
