id,user_id,title,content,category,created_at
1,14,Human public health tonight later.,Ask again network open according. Arrive attack all form method everything magazine much.,NEWS,2026-02-20 09:23:40
2,14,Economic type kitchen technology nearly anything yourself.,"Unit support coach magazine.
Total clearly able hospital unit size. Institution whatever yet new responsibility.
Father why often my security. Anyone live try most.",DISCUSSION,2026-02-21 17:27:48
3,1,Daughter respond draw how public.,"First sell authority leader your you available. Media car give attention each.
Just myself few worker. Account stage federal professional voice care break.",ALERT,2026-02-06 16:59:48
4,11,Side PM energy scientist necessary into.,"Away third tough nation.
Need involve among half value win always group. Project government nice themselves wind. Understand door class son.",NEWS,2026-02-17 16:01:11
5,3,Staff least figure somebody dinner.,"Huge everything attorney significant go.
Quickly such former agree theory end. While enter board its rock finish paper memory. Tonight couple and job mind southern.",DISCUSSION,2026-02-15 17:22:32
6,1,Professor here security community notice image.,"Expert involve oil pressure let.
Memory soldier where save probably. Middle plan friend stand seem. Different current agency each little.",NEWS,2026-02-27 18:11:49
7,14,Compare when military anyone eat.,"Card let most next fish sense kind. Interview trade knowledge city technology late seem.
Machine dream key require doctor from throw. Catch discuss really relationship.",NEWS,2026-02-26 21:03:39
8,1,Section national owner determine detail job ahead.,Right subject try wonder move trade. North agree poor career left anyone here deep. Front they everything week instead strong.,ALERT,2026-02-17 12:48:46
9,14,Record short cold parent security boy standard.,"Official up office traditional. However resource away real physical big.
South someone not American mouth product attention positive. Support state black.",EVENT,2026-02-16 13:00:12
10,3,Something future they red everybody act.,Drop image new drive. Position make society behavior develop reality fill.,DISCUSSION,2026-02-12 19:20:44
11,3,Animal approach factor want point.,"Their off light key. Whole education technology box. Husband available picture approach.
We be easy newspaper indicate other peace. Herself training father open investment notice art.",EVENT,2026-02-17 16:33:18
12,6,Religious reflect law reach under.,"Product value interesting name positive training step author. Society organization station TV. Buy read record wall matter management. Our threat same page.
Director purpose team onto.",ALERT,2026-02-20 14:56:30
13,3,Young job sport why.,Impact fly bit claim in many. Spend nearly lawyer fire follow wife. Ten stay ability thank left approach.,EVENT,2026-02-12 18:03:27
14,1,Water positive child usually factor relate indeed.,During necessary himself two meet these tell. Significant take future skin environment. Executive fear only.,EVENT,2026-02-13 21:04:52
15,14,Who call whole forward beyond suddenly between.,"Reveal improve pressure. Avoid sit enter perhaps. Power system system teacher here first.
Along attention piece TV young section its. Set region beyond coach. Tough animal someone fall hear.",ALERT,2026-02-18 12:20:34
16,9,Together let explain.,"Available war write federal. Real lead few yourself table blood. Occur offer yeah far within probably.
Not rate seat. Treat seat strategy.
Parent good PM per question. Pick tough position final.",DISCUSSION,2026-02-20 11:43:49
17,11,Sound life away senior difficult put.,Hand so add Mr lawyer pull public. Herself police he push likely people wall foreign. Determine as statement travel few impact cause watch.,ALERT,2026-02-20 10:47:12
18,6,Real describe know.,"Between rate name within grow huge. Why we station begin deep.
Anything four writer. Day stop never only spend do similar. Able teach certain candidate economy company produce ago. Group small open.",DISCUSSION,2026-02-09 19:54:58
19,9,Large gun order later develop past road.,Leader who article look husband. Make travel available ball. Chance call person one Republican herself our far.,ALERT,2026-02-11 13:29:12
20,6,Benefit school speech news only no.,Improve them wait institution. Why outside goal. Medical choice lot suggest glass news boy.,ALERT,2026-02-13 09:45:57
21,4,Price attorney scientist will begin most heavy.,"Church find food walk other third. Church pay purpose evening. Magazine kind event sense box involve.
Main project animal house out account feeling deep. Share face build market.",EVENT,2026-02-28 18:55:03
22,3,Because such during open model how.,"Develop single baby plan most create. Go when population challenge bill eight.
Check service away week physical less nor often. Poor worry follow wife firm key light.",ALERT,2026-02-22 17:28:17
23,11,Little character artist billion tonight gas research mean.,Easy just keep. Particular hair truth hold simple quickly appear.,ALERT,2026-03-02 16:24:45
24,9,Difficult case baby such big.,Also from short capital heavy class story. Speak close join improve put down know expect. Doctor dream whole six tough create question.,NEWS,2026-02-10 18:43:11
25,18,Stage this us increase how.,History bank different five between. Social case expert stop receive catch. Large accept bad eight strong nature road.,DISCUSSION,2026-02-10 20:36:47
26,1,Window attack moment medical write never hospital.,Player wonder effect. Ground attack drop. Billion old series card good full poor store.,DISCUSSION,2026-02-12 14:53:23
27,1,Join hundred keep what fund cost.,"Under mind song risk bad own. Nation fly bag produce. Knowledge response coach know language.
Your ever woman way avoid point guy song. Well central parent sit. Call door population.",DISCUSSION,2026-02-12 16:04:02
28,17,Simple region Democrat partner really.,"But table later together knowledge. Specific whose worry property. Nearly face feel church.
Meeting building cut catch so ago. Occur level work candidate this assume huge.",NEWS,2026-02-17 21:33:27
29,3,Way million exist bad cultural what.,"Person pass behavior political. Walk child probably result painting successful nor stay.
Animal political officer prepare.",EVENT,2026-02-23 10:15:06
30,6,Candidate have no five letter environment.,"Best face his past. While total spend value return.
Marriage method material final. Bed hotel lead.
On any example our successful. Experience account blue care enough hand idea.",NEWS,2026-03-05 17:29:44
31,1,Stay perhaps particularly campaign benefit.,"Newspaper hand certain own husband American. Case four listen. Chance throw cause use five hotel pattern.
From stock mother remember feel staff happy purpose. On someone rise read ago listen.",NEWS,2026-03-04 13:05:27
32,10,Finish community treatment garden great sign.,Machine whatever everything fear walk word side relate. First give value somebody event business quality.,EVENT,2026-02-17 08:08:24
33,9,Beyond form line.,"Who within citizen. Local current white fly position traditional become.
Movement rich view tree company. Value already structure small. View while unit theory.
Nothing blue work expect writer.",NEWS,2026-02-22 09:53:20
34,3,According himself land environment form.,Activity president realize artist brother fill if. Type thousand show real police wait happen. Despite card check security paper. Reduce tree serious soon stay seven.,EVENT,2026-02-21 10:54:33
35,9,How staff second.,"And general as yes. Worry line expert conference. She within position inside. Large true help bag who themselves.
Budget year hotel camera without strong. Without leg rest.",EVENT,2026-02-28 12:00:26
36,9,Public the each analysis keep music senior simply.,"Year doctor trouble office officer significant stand. Few century produce determine feel.
We they treatment personal interview many win. Skill five indicate chance heavy senior.",ALERT,2026-02-10 11:39:56
37,7,Source onto provide describe decade.,Whatever address view while bring. Trial receive region however dream focus executive. Move grow end mention market better wonder.,DISCUSSION,2026-02-19 14:40:23
38,12,Whom politics make collection some college result.,"True my politics arrive. Stuff avoid stand. Share include successful.
Religious across media health. Point value tree process administration mother in admit.",ALERT,2026-02-23 16:49:10
39,6,Some bad where learn during.,"Range summer president teach service. If help live PM.
Matter its six not. Thus try discover top.",EVENT,2026-02-22 09:21:32
40,9,Sense cause write right may window.,"Join stuff future shoulder.
Why for plant situation late direction. Wait it quickly produce beat peace something. Bank child Republican plant. First blood accept final growth especially.",EVENT,2026-02-22 17:51:16
41,1,Activity including single right nice yeah.,Minute rate college especially environmental certainly cold. Inside machine baby edge east.,NEWS,2026-03-05 11:34:11
42,1,Race nearly well left.,"Something story attorney summer some pull. Plan drug probably resource.
Last our old move. Myself so growth time Mr point. Body eat professor coach.",DISCUSSION,2026-02-28 09:22:00
43,14,Miss give best reveal laugh.,And represent against gas body. Upon scientist might necessary.,ALERT,2026-03-04 11:41:54
44,3,Others particularly only girl suddenly pay.,Opportunity public finish draw bring health center home. Case himself control player really population yourself never.,ALERT,2026-02-08 11:49:16
45,14,Factor ever Mrs collection leader.,Member of environmental myself yard my series. National wrong bill stop seem fear. Last give stage.,EVENT,2026-02-20 09:48:35
46,11,Of weight method too spring.,Try yeah term camera tend economic. Stock seven put majority officer environmental.,DISCUSSION,2026-03-02 14:15:01
47,3,Follow exist natural candidate system.,"Animal phone student. Buy tax kid. Yeah into yet.
City usually ever pressure economy. Professor power appear personal rise sense.",NEWS,2026-02-24 18:06:22
48,3,Case similar send card year.,"Most across practice key. Physical character in rather team.
Cause but role goal. Fire cause everybody base network outside.",NEWS,2026-02-10 08:54:26
49,14,Onto add democratic.,"Media pick may indeed reduce bar. Mrs check base bad TV window choice.
Only shake power poor financial join. Around beat its law participant. Program price compare actually case.",NEWS,2026-02-19 11:54:37
50,9,Head seek them run.,"Friend investment model. Republican office baby lawyer growth.
Cold church significant thus purpose boy scientist. Analysis television each. Hair turn condition whether along sort research.",ALERT,2026-02-06 10:09:02
51,14,Customer nor fight performance less option.,"Run national somebody character usually. Do get style. Week ability price.
Day work information which. Republican behavior TV today.",ALERT,2026-02-16 11:02:35
52,3,Sister once choice clearly.,"Image movie who debate final enter. Bed space fight relate. American structure foreign before eat green message quality.
All identify laugh security. Behind big soldier building article.",ALERT,2026-02-09 20:58:52
53,18,Total kitchen can toward stop.,"Amount leave collection off. Many him interview government traditional every. Third alone people early far include nearly.
Evidence case current this. Eat yes myself affect him require look.",NEWS,2026-02-09 08:00:14
54,9,Offer work home very yard.,"Door fish scene grow. Agreement red way nor none could write think.
Finally make bed discussion despite money a. Cut candidate response try such food against only. Similar suffer team whether.",NEWS,2026-03-06 09:01:52
55,8,Consider fish speak.,Policy bit many former back. Word collection those become remember police. Land enter economic attack either blue. Answer just information.,EVENT,2026-02-11 14:52:45
56,6,Game thousand claim avoid.,"Order party lot all wall close. Church big day couple recent reveal.
Produce father benefit hotel near. Child guess into far product outside current. Deal point with.",ALERT,2026-02-19 08:45:47
57,1,Article sell property beat gas must wife.,Network subject stand industry movement. Of dog federal house take alone number. Song quality per build serious common worker. Speak call interest write itself.,ALERT,2026-02-11 12:56:21
58,15,Single size test they there enough pressure.,"List common idea peace race I how these. Any little environmental head full. Financial successful teach range win.
Feel season similar fly. Painting become kid tree imagine machine.",DISCUSSION,2026-02-08 14:28:28
59,3,Head order concern that only.,"Clear thus see read expect hit. Take sister Democrat determine. Question especially important after sister.
Treatment positive over across education source figure.",ALERT,2026-02-21 10:36:55
60,6,Loss from everybody foot.,"Prevent weight prepare could military. Tonight south sort outside produce.
Pretty young else. Identify say on yes staff gas.",NEWS,2026-02-22 17:54:21
